{
  "IsEncrypted": false,
  "Values": {
    "AzureWebJobsStorage": "UseDevelopmentStorage=true",
    "FUNCTIONS_WORKER_RUNTIME": "dotnet",
    "baseUri": "https://app.actimo.com/api/v1",
    "contactApiUri": "/contacts",
    "contactManagerApiUri": "/contacts/{0}/relationships",
    "ConnectionString": "Server=tcp:actomodbserver.database.windows.net,1433;Initial Catalog=DW;Persist Security Info=False;User ID=actimoadmin;Password=Actimo@123;MultipleActiveResultSets=False;Encrypt=True;TrustServerCertificate=False;Connection Timeout=30;",
    "ClientId": 1

  }
}